{"etaParabolaMinusErr": 0.02363824942822529, "etaParabolaMinus": 0.4615746145851221, "ptOffset": 1.355876374740306, "normErr": 0.0013424291150606043, "etaParabolaBaseErr": 0.0015127759342601524, "ptFallingErr": 0.32484419632677897, "etaParabolaBase": 0.6472748159032483, "etaParabolaPlus": 0.6897926269186763, "ptFalling": 6.665049561282165, "etaParabolaPlusErr": 0.0268827168693081, "norm": 1.2257915488264555, "ptOffsetErr": 0.007508757543597699}