{"etaParabolaMinusErr": 0.02192626003310577, "etaParabolaMinus": 0.35557944058459884, "ptOffset": 1.4926585723259305, "normErr": 0.0014581709460867217, "etaParabolaBaseErr": 0.0014564643563302585, "ptFallingErr": 0.36366857326294877, "etaParabolaBase": 0.6003227504840473, "etaParabolaPlus": 0.47614376456370955, "ptFalling": 6.1345736148391, "etaParabolaPlusErr": 0.023703098530162003, "norm": 1.2774812042276755, "ptOffsetErr": 0.008420122560604648}