{"etaParabolaMinusErr": 0.015467273588009173, "etaParabolaMinus": 0.09668356981330367, "ptOffset": 1.4372700578240045, "normErr": 0.0011108096243907897, "etaParabolaBaseErr": 0.0012530444411765422, "ptFallingErr": 0.2664103671535245, "etaParabolaBase": 0.6534457078806143, "etaParabolaPlus": 0.09893261433495282, "ptFalling": 3.8699827345666793, "etaParabolaPlusErr": 0.015245095986298612, "norm": 1.2343574972778932, "ptOffsetErr": 0.006268576292610906}